S.No.,Name,Currnt Market Price Rs.,P/E,Mar Capitalization Rs.Cr.,Dividend Yield %,Net Profit of last quarter Rs. Cr.,Quarterly Profit Variation %,Quarterly Sales Rs.Cr.,Quarterly Sales Variation %,Issue Price (Rs),ROCE %,Listing Premium/Discount %,Current Returns %,Listing Price (Rs),Classification
1,Life Insurance,889.65,11.55,562703.42,1.35,10955.21,3.91,224671.49,6,949,53.13,-8.11%,-20% to -25%,872,F
2,Jio Financial,305.95,120.85,194378.73,0.16,695.04,0.87,981.39,41.51,NA,1.47,NA,-2%,NA,N
3,Hyundai Motor I,2266.7,34.23,184178.69,0.93,1335.75,-7.74,16024.9,-5.59,"1,960",54.25,-1.33%,-2.57%,"1,934",N
4,Tata Capital,324.15,37.61,137597.43,0,1040.93,7664.81,9.58,NA,583,NA,1.37%,1.37%,591,N
5,LG Electronics,1648.7,50.85,111909.2,0,56.83,NA,NA,NA,"1,140",NA,50.00%,48%,"1,710",S
6,Siemens Ener.Ind,3138.4,212.63,111764.86,0,262.7,80.18,1784.6,20.24,"2,478",56.83,14.65%,20%,"2,840",S
7,Swiggy,424.9,NA,105955.06,0,-1197,-100.17,4961,53.97,390,-29.22,7.00%,17%,420,S
8,Waaree Energies,3529.5,37.57,101522.86,0.06,878.21,132.97,6065.64,69.7,"1,503",34.94,66.00%,137%,"2,550",S
9,Mankind Pharma,2432.4,53.11,100399.38,0.04,444.62,-17.6,3570.35,24.5,"1,080",15.98,20.00%,126%,"1,296",S
10,Bajaj Housing,110.21,40.57,91830.66,0,583.3,20.86,2615.71,18.43,70,9.55,114.00%,135%,150,S
11,Bharti Hexacom,1787.6,62.21,89380,0.56,391.6,55.91,2263,18.44,570,17.44,32.00%,32%,752,S
12,NTPC Green Ene.,101.48,153.42,85510.39,0,220.48,59.07,680.21,17.59,108,4.89,12.50%,33%,122,S
13,Vishal Mega Mart,148.48,100.7,69287.27,0,206.07,37.24,3104.32,20.95,74,13.1,8.00%,15%,80,S
14,JSW Infrast,293.85,38.91,61666.55,0.27,368.81,-2.76,1265.59,26.39,119,13.92,32.00%,30%,157,S
15,HDB FINANC SER,734.05,28.29,60894.35,0.27,581.4,-1.62,4545.4,13.44,740,9.79,12.84%,20%,835,S
16,Knowledge Realty,113.9,158.83,50507.81,0,-0.91,0,0,0,103,13.17,4.00%,4%,107,S
17,Premier Energies,1070.7,46.34,48502.11,0.09,307.79,55.32,1820.74,9.86,450,41.12,120.00%,120%,991,S
18,ITC Hotels,221.94,62.66,46224.07,0,133.29,74.31,893.48,7.91,Demerger,9.63,-3.00%,47%,NA,S
19,Altius Telecom,1490,55.11,45406.26,2.5,226.7,46.93,6030,73.33,94,8.24,5.00%,8%,99,S
20,Kaynes Tech,6689,141.24,44839.48,0,74.61,46.93,673.47,33.63,649,14.28,25.00%,95%,811,S
21,Indian Renewable,153.4,25.01,43093.61,0,549,41.59,2056.88,26.22,32,9.37,87.50%,-23.59%,60,S
22,Anthem Bioscience,719.95,80.08,40433.12,0,135.79,64.83,540.21,59.55,570,28.5,+10% (est),TBD (Recent),627,S
23,Global Health,1346.7,63.48,39698.38,0,158.98,49.6,1030.84,19.71,336,19.74,19.35%,-20% (Approx),401,S
24,Delhivery,466.9,175.59,34907.96,0,91.05,53.05,2294,5.6,487,2.47,10.27%,10.12%,537,N
25,Go Digit General,352.25,70.41,32524.94,0,138.33,36.5,2235.97,6.2,272,10.8,12.41%,12.12%,305.75,S
26,Aegis Vopak Term,280.25,208.11,31051.46,0,47.72,85.1,164.01,6.48,280,7.01,+15% (est),8%,322,S
27,Tata Technolog.,689.65,40.36,27979.92,1.21,165.5,5.14,1323.33,2.07,550,25.8,+5% (est),-40%,577,N
28,Piramal Pharma,202.37,311.67,26899.99,0.07,-81.7,-5.44,1933.71,-0.89,355,6.45,2.31%,22.40%,363.2,S
29,Ather Energy,706.3,NA,26862.3,0,-178.2,2.57,644.6,78.81,321,-65.71,2.18%,132%,328,S
30,Inventurus Knowl,1527,48.36,26212.96,0,151.54,58.7,740.1,15.62,530,27.27,-5% (est),-15%,503,F
31,Nuvama Wealth,7176,25.15,25879.71,2.01,263.87,19.43,1122.65,18.24,565,29.39,+3.5% (est),-8%,585,N
32,Emcure Pharma,1357.3,34.17,25729.64,0.22,214.79,45.28,2100.54,15.72,"1,450",20.72,+18% (est),25%,"1,711",S
33,Nexus Select,162.74,53.27,24568.11,0.17,119.58,-14.33,1415.91,10.79,665,5.17,+1.5% (est),-2%,675,N
34,N S D L,1166.4,68.65,23328,0.17,89.63,15.16,312.03,-7.49,560,23.57,+25% (est),30%,700,S
35,Ola Electric,52.82,NA,23298,0,-428,-32.1,828,-49.64,76,-28.09,19.97%,-30%,91.18,F
36,Aadhar Hsg. Fin.,522.6,23.85,22633.43,0,237.28,18.56,848.18,18.94,260,11.42,+2% (est),-5%,265,N
37,Sagility,47.52,33.43,22245.67,0,148.56,566.49,1538.94,25.8,425,9.58,+8.5% (est),15%,461,S
38,Urban Company,147.11,88.19,21123.55,0,6.94,NA,367.27,NA,103,2.37,57.50%,57.50%,162.25,S
39,Netweb Technol.,3717.1,163.08,21058.81,0.07,30.48,100,301.21,101.72,245,32.45,-1% (est),-3%,242,N
40,OneSource Speci.,1832.7,234.83,20998.04,0,-0.19,267.76,327.27,11.97,550,5.52,-8% (est),-15%,506,F
41,Jyoti CNC Auto.,905.65,61.21,20596.57,0,71.42,40.26,410.17,13.36,620,24.35,+12% (est),18%,695,S
42,KFin Technolog.,1149.4,57.94,19803.8,0.65,77.26,13.5,274.06,15.36,348,32.07,+7.5% (est),12%,374,S
43,Brainbees Solut.,361.3,NA,18857.93,0,-66.51,12.68,1862.56,12.74,405,-0.4,+15% (est),20%,466,S
44,Sai Life,895.05,76.98,18789.05,0,60.46,547.85,496.42,77.47,285,14.06,+0.5% (est),-1%,286.43,N
45,JSW Cement,1535.27,NA,18442.24,0,-1366.41,331.06,1559.82,7.78,440,4.64,+4% (est),8%,457.6,S
46,Bikaji Foods,732.65,90.73,18359.57,2.81,58.53,2.81,652.67,14.18,285,18.16,7.50%,12%,306.38,S
47,Cube Highways,1345.5,NA,18212.15,1.85,0.46,-88.08,994.28,19.23,330,3.91,+6% (est),10%,350,S
48,Ventive Hospital,748.6,142.53,17482.92,0,37.92,1.93,507.44,341.68,720,11.73,-3% (est),-8%,699,F
49,Travel Food,1327,43.81,17473.87,0,94.96,65.59,375.05,-8.49,165,41.69,+1% (est),-2%,167,N
50,TBO Tek,1598,80.75,17352.33,0,62.97,-6.99,511.28,22.18,920,26.68,+50% to +55%,71%,"1,380",S
51,Allied Blenders,618.35,72,17295.88,0.58,55.83,405,922.86,21.81,281,21.08,13.11%,103%,317.85,S
52,ACME Solar Hold.,283.15,NA,17133.06,0.07,130.82,10171.22,510.98,65.02,289,8.42,+3.5% (est),Flat to slight loss,299,N
53,A B Lifestyle,1491.34,134.16,16896.66,0,24.06,4.93,1840.58,3.14,Demerger,9.9,Demerger (N/A),-0.20%,138.44,S
54,Dr Agarwal's Hea,520.85,159.98,16467.11,0,38.06,150.83,487.42,20.8,402,9.99,+4% (est),+15% to +25%,419,S
55,Afcons Infrastr.,1339.3,50.56,16309.41,0,137.4,50.02,3370.36,6.85,463,19.59,-7% to -8%,-5%,430.5,F
56,Aditya Infotech,1389.3,101.27,16285.64,0.56,32.88,46.07,740.04,16.35,675,19.51,50.80%,101%,"1,018",S
57,Vertis Infra.,106,32.39,16005.83,0.37,129.72,32.23,841.54,60.68,TBD,9.51,Pre-IPO (TBD),N/A (Upcoming),TBD,N
58,Five-Star Bus.Fi,537,45.64,15811.4,0,307.01,5.86,1064.53,18.1,474,16.34,3.27%,11.28%,489.5,S
59,SignatureGlobal,1106.8,120.79,15551.72,0,34.44,408.42,865.67,116.09,685,5.42,+5% (est),-3%,719,N
60,Concord Biotech,1474.5,43.32,15425.66,0.73,44.06,-26.06,203.99,-5.47,"1,408",28.25,+2% (est),-5%,"1,436",N
61,Doms Industries,2500.8,73.04,15176.75,0.13,59.1,10.49,562.28,26.35,580,26.18,+8% (est),12%,627,S
62,Syrma SGS Tech.,783.15,49.92,14893.84,0.19,49.92,157.72,943.98,-18.62,245,11.67,+7% (est),18%,262,S
63,International Ge,439.7,29.87,14656.7,0.74,126.53,62.55,300.91,15.74,580,68.01,-3% (est),-8%,563,F
64,Leela Palaces Hotels,420.78,82.31,14316.77,0,74.73,246.02,310.65,12.09,625,11.98,+1% (est),-1%,631,N
65,R R Kabel,1245.5,41.81,14085.08,0.48,89.77,39.44,2058.59,13.85,430,19.77,+12% (est),20%,482,S
66,Paradeep Phosph.,171.74,17.48,14019.92,0.58,255.85,4655.58,3754.06,57.9,430,13.72,+9% (est),15%,469,S
67,Le Travenues,319.8,218.78,13964.82,0,18.95,62.47,314.47,72.9,185,12.62,+0.5% (est),-2%,186,N
68,Cello World,762.82,32.12,13931.22,0.24,80.65,-11.58,529.01,5.66,625,23.72,+6% (est),10%,662,S
69,Rainbow Child.,1365,53.86,13862.82,0.22,53.81,35.34,352.93,6.88,945,18.69,+2% (est),-1%,963,N
70,Jain Resource,400.22,54.37,13811.02,0,98.64,80.53,2054.91,52.96,500,27.2,-2% (est),-6%,490,F
71,Niva Bupa Health,74.3,97.34,13715.77,0,-91.44,-385.87,1371.08,21.96,745,7.4,+8% (est),14%,805,S
72,Belrise Industri,152.78,34.37,13595.57,0.36,111.68,56.06,2262.21,27.02,215,14.02,+82% (est),82%,392,S
73,RRPSemiconductor,9860.9,2066.84,13434.49,0,-0.29,-117.26,0,-100,450,80.21,-5% (est),-10%,427.5,F
74,NMDC Steel,44.49,NA,13038.27,0,25.56,104.67,3365.22,66.36,230,-12.97,+3% (est),-2%,237,N
75,Indegene,540.15,29.79,12971.14,0.37,116.4,32.73,760.8,12.46,650,24.8,+5% (est),8%,682,S
76,SBFC Finance,115.48,34.37,12624.24,0,100.89,28.16,388.43,30.57,440,11.55,+1% (est),-3%,444,N
77,Vikram Solar,336.5,46.64,12717.78,0,128.49,1645.79,1109.91,93.72,"1,235",26.45,+10% (est),18%,"1,358",S
78,Blackbuck,659.25,32.9,11914,0,33.7,395.59,143.65,55.84,495,10.54,+2% (est),-5%,505,N
79,Canara HSBC,121.73,99.05,11564.35,0,51.78,17.15,293.76,17.78,285,8.73,+6% (est),12%,302,S
80,Prudent Corp.,2729.1,55.6,11300.3,0.09,51.78,17.15,293.76,17.78,540,44.06,+0.5% (est),-1%,543,N
81,Bluestone Jewel,743.8,NA,11255.21,0,-34.75,41.71,492.68,41.48,517,NA,-1.59%,46.19%,508.8,N
82,Blue Jet Health,644.7,31.19,11183.32,0.19,91.17,141.32,354.76,117.78,347,39.75,3.86%,+15% to +20%,359.9,S
83,Inox India,1200.7,47.57,10897.97,0,61.12,39.36,1396.24,14.58,660,37.98,43.90%,+30% to +48%,949.65,S
84,Azad Engineering,1663.8,105.99,10745.11,0,29.99,75.07,134.51,36.68,524,12.23,37.40%,158%,720,S
85,Sanofi Consumer,4651.8,54.15,10713.38,1.18,60.7,22.99,220.9,28.21,495,111.44,+1% (est),-2%,500,N
86,Aether Industri.,764.45,59.44,10135.86,0,40.14,29.47,214.33,19.06,580,9.92,-2% (est),-5%,568,F
87,Jupiter Life Lin,1511.8,51.46,9912.27,0.07,43.88,-1.42,347.63,20.46,630,17.95,+0.5% (est),-1%,633,N
88,Transrail Light,734.85,25.91,9865.8,0.11,105.82,104.52,1659.84,81.25,540,35.22,-3% (est),-6%,524,F
89,ASK Automotive,496.15,38.08,9781.23,0.3,66.07,16.26,891.29,3.37,425,27.58,+8% (est),14%,459,S
90,INDIA SHELTE FIN,879.8,23.1,9537.68,0.57,119.23,43.08,360.93,43.64,265,12.61,+1.5% (est),-1%,269,N
91,Rubicon Research,577.25,70.78,9510.21,0,2.87,353.8,3.61,NA,480,28.57,-4% (est),-8%,461,F
92,Happy Forgings,1000.1,45.01,9431.37,0.3,65.69,217.91,174.29,74.82,710,19.17,+6% (est),10%,753,S
93,Jeena Sikho,733.05,73.83,9111.87,0.15,51.31,12.68,2.78,NA,820,50.24,+0.5% (est),-1%,824,N
94,P N Gadgil Jewe.,671.4,36.12,9111.46,0,69.34,96.32,1714.56,2.78,630,19.41,+1% (est),-2%,636.3,N
95,Sri Lotus,185.3,42.53,9056.05,0,25.79,-36.09,61.32,-49.19,355,37.06,-2.5% (est),-5%,346,F
96,Honasa Consumer,276.3,126.32,8998.97,0,39.9,1.6,583.63,7.37,324,7.44,2%,+28% to +35%,330,N
97,Inox Green,243.57,231.54,8939.43,0,22.39,2487.35,56.2,12.5,625,2.6,+5% (est),8%,656,S
98,Campus Activewea.,282.05,73.01,8615.84,0.35,22.2,-12.53,343.27,1.21,295,20.1,+2% (est),-1%,301,N
99,Wework India,634.8,48.23,8507.8,0,NA,NA,NA,NA,380,137.07,-5% (est),-10%,361,F
100,Oswal Pumps,745.4,27.87,8495.88,0,94.68,34.2,513.95,36.83,530,77.91,+7% (est),12%,567,S
101,Kalpat.,396.25,379.39,8159.34,0,-51.84,-7062.32,443.2,-16.45,405,1.06,+0.5% (est),-2%,407,N
102,Atlanta Electric,1048.7,64.55,8064.15,0,31.14,25.26,315.11,5.06,485,50.2,-3% (est),-7%,470,F
103,Archean Chemical,641.9,41.57,7922.82,0.47,40.14,-10.41,292.36,37.46,605,12.81,+6% (est),10%,641,S
104,Ethos Ltd,2896.8,83.79,7751.17,0,19.02,-16.58,346.32,26.74,540,13.75,+1% (est),-1%,545,N
105,Yatharth Hospit.,799.35,54.16,7702.48,0,11.94,-8.38,257.77,21.72,395,2.95,-2% (est),-4%,387,F
106,Max Estates,467.45,149.53,7579.86,0,11.94,629.3,51.47,27.12,750,3.27,+10% (est),18%,825,S
107,Aarti Pharma,832.4,28.32,7545.48,0.6,49.5,-10.73,386.19,-30.48,615,17.44,+5% (est),9%,646,S
108,Quality Power El,965.8,106.58,7477.96,0,7.2,-22.48,172.76,187.72,545,26,+1% (est),-1%,550,N
109,Avalon Tech,1120.6,93.5,7475.96,0,14.21,715.15,323.31,62.08,420,12.76,-3% (est),-6%,408,F
110,Redtape,133.97,41.56,7405.96,0.56,38.6,25.98,464.31,5.07,385,21.67,+2% (est),-2%,392.7,N
111,Keystone Realtor,576.5,45.29,7275.42,0.26,16.33,-43.8,273.12,-35.3,585,9.33,+12% (est),22%,655,S
112,Akums Drugs,460.55,22,7248.78,0,64.69,5.5,1024.03,0.48,470,16.6,+8% (est),15%,508,S
113,T N Merc. Bank,450.15,5.19,7128.19,2.44,304.89,6.13,1386.24,8.2,365,7.49,+0.5% (est),-1%,367,N
114,Raymond Lifestyl,1167.1,77.61,7110.4,0,-19.82,12.84,1430.43,17.24,615,2.87,+9% (est),16%,670,S
115,Ajax Engineering,616.3,28.66,7050.89,0,52.88,-21.06,466.52,-0.53,785,33.58,+2% (est),-1%,800.7,N
116,Canara Robeco,336.65,35.2,6713.39,0,118.82,458.89,915.73,272.28,580,47.72,+4% (est),7%,603,S
117,Saatvik Green,508.4,20.64,6462.02,0,118.82,81.76,379.21,20.99,510,52.33,+0.5% (est),-1%,512.55,N
118,Smartworks Cowor,557.5,32.8,6369.68,0,-4.2,81.76,379.21,20.99,545,52.33,-2% (est),-5%,534,F
119,Seshaasai Tech.,387.1,28.53,6263.5,0,36.84,51.16,220.74,10.54,675,6.31,+1% (est),-1%,681.75,N
120,Juniper Hotels,271.4,78.16,6038.71,0,9,126.35,627.62,96.86,360,42.31,1.39%,-25% (significant loss),365,N
121,Oriana Power Ltd,2898.1,37.14,5888.69,0,109.97,-65.25,1739.39,-9.72,118,10.35,168.73%,813.94%,317.1,S
122,Electronics Mart,150.33,52.83,5783.93,0,21.62,1940.88,2592.31,2.08,59,4.83,51.53%,43.14%,89.4,S
123,TVS Supply,127.59,50.09,5629.02,0,71.16,1940.88,2592.31,2.08,750,4.83,+2% (est),-1%,765,N
124,Crizac,320,31.02,5599.44,0,48.34,138.72,162.25,24.92,420,47.87,-2% (est),-5%,411,F
125,eMudhra,651.25,58.83,5393.11,0.19,25.02,39.38,147.3,59.35,256,15.32,5.47%,60%,270,S
126,Indus Inf. Trust,120.7,10.89,5346.27,2.69,120.55,8.53,186.4,46.6,100,9.32,+1% (est),-1%,101,N
127,Fedbank Financi.,141.4,21.54,5288.6,0,80.15,24.17,535.38,4.37,175,9.82,+8% (est),14%,189,S
128,Unimech Aero.,1037,64.36,5273.86,0,19.12,-7.32,62.99,6.38,430,22.22,+1.5% (est),-1%,437,N
129,Senco Gold,320.35,24.33,5244.32,0.31,103.52,94.08,1824.57,28.95,405,10.39,+6% (est),10%,429,S
130,Bondada Engineer,464.6,40.96,5184.63,0.02,79.36,154.56,1090.78,116,545,39.5,-3% (est),-7%,529,F
131,Kothari Indl,480.75,NA,5138.77,0,-1.92,-811.11,39.2,191.45,585,-13.6,+0.5% (est),-1%,588,N
132,KRN Heat Exchan,823,95.92,5115.49,0,12.42,3.76,115.28,20.36,620,20.75,+7% (est),12%,663,S
133,Bansal Wire Inds,317.85,32.37,5054.48,0,39.28,9.94,194.08,14.95,510,16.44,+1% (est),-2%,515,N
134,Pace Digitek,227.93,17.74,4919.9,0,54.7,20.41,367.08,7.28,340,41.31,-2% (est),-5%,333,F
135,Zaggle Prepaid,362.75,50.39,4870.06,0,25.88,54.78,331.49,31.43,485,12.99,+5% (est),8%,509,S
136,NDR INVIT Trust,121.02,35.66,4792.54,5.89,37.93,-2.57,101.56,35.09,120,4.74,+0.5% (est),-1%,120.6,N
137,Entero Healthcar,1087.5,46.14,4731.59,0,30.23,38.45,1403.82,27.96,245,9.87,-3% (est),-6%,237,F
138,Jana Small Finan,445.85,11.42,4692.89,0,74.99,-22.47,1304.78,11.9,210,8.16,+1% (est),-1%,212.1,N
139,Indiqube Spaces,223.31,NA,4689.77,0,-36.76,12.56,309.29,27.66,385,4.75,+4% (est),7%,400,S
140,Innova Captab,805.3,35.51,4608.32,0,31.02,5.22,351.54,19.46,630,14.63,+0.5% (est),-1%,633.15,N
141,GK Energy,221.56,29.32,4493.62,0,36.94,118.32,295.27,94.51,725,74.29,-2% (est),-5%,711,F
142,NIIT Learning,324.8,19.6,4452.84,0.92,49.3,-13.93,451.35,10.83,455,28.18,+6% (est),10%,482,S
143,Ceigall India,254.65,16.57,4436.13,0,51.34,-33.02,838.18,1.92,425,19.38,+1% (est),-1%,429.25,N
144,Raymond Realty,660.75,168.6,4398.86,0,16.5,121.77,374.35,188.67,880,16.38,+10% (est),18%,968,S
145,AWFIS Space,613,87.72,4383.5,0,9.98,257.71,334.7,29.86,435,12.9,+2% (est),-1%,444,N
146,Samhi Hotels,198.01,36.34,4380.1,0,19.22,368.45,272.21,8.93,490,9.87,-2% (est),-4%,480,F
147,Northern ARC,268.55,14.85,4338.87,0,78.25,-13.31,605.43,4.79,350,9.92,+5% (est),9%,367.5,S
148,Gopal Snacks,345.45,97.16,4305.05,0.29,2.52,-90.04,193.67,-9.07,285,16.31,+1% (est),-1%,288,N
149,Enviro Infra,244.98,22.51,4300.13,0,42.48,47.89,240.92,17.42,595,31.68,-3% (est),-6%,577,F
150,Insolation Ener,190.7,33.25,4201.94,0.05,64.92,60.56,721.73,57.32,480,34.73,+4% (est),7%,499,S
151,Midwest,1140.5,39.62,4124.14,0,40.43,-19.25,745.34,-4.58,185,21.72,+0.5% (est),-1%,186,N
152,Sanathan Textile,486.7,27.24,4107.95,0,40.43,-19.25,745.34,-4.58,330,10.39,-2% (est),-5%,323,F
153,TruAlt Bioenergy,456.8,22.66,3917.18,0,4.73,121.99,303.89,53.95,575,14.18,+6% (est),11%,609,S
154,Shreeji Ship. Gl,240.31,28.52,3915.09,0,37.21,49.64,161.19,23.93,720,3.45,+1% (est),-1%,727.2,N
155,Utkarsh Small F.,21.71,NA,3863.35,0,-239.48,-274.29,880.91,88.87,535,7.17,-2% (est),-5%,524,F
156,Medi Assist Ser.,540.95,40.48,3821.8,0,22.63,18.21,190.56,13.62,445,18.72,+7% (est),12%,476,S
157,String Metaverse,323,78.66,3760.76,0,18.3,236.43,198.86,297.56,640,26,+1% (est),-2%,646.4,N
158,GNG Electronics,324.7,49.23,3750.21,0,18.52,52.43,312.28,22.31,470,19.84,-3% (est),-7%,456,F
159,Jubilant Agri,2420.8,34.45,3667.34,0,44.13,69.93,441.95,23.4,610,33.22,+5% (est),8%,640,S
160,Harsha Engg Intl,402.1,33.5,3660.88,0.25,37.93,5.21,365.29,6.45,755,12.14,+2% (est),-1%,770,N
161,Cyient DLM,450.85,43.83,3578.14,0,32.15,108.09,310.63,-20.24,535,10.99,4%,8%,557,S
162,Standard Glass,179.3,50.77,3576.89,0,21.13,41.3,173.07,22.03,255,16.4,1%,-1%,258,N
163,Senores Pharma.,768.45,52.38,3538.99,0,21.18,83.88,137.99,71.65,480,11.4,-2%,-5%,470,F
164,Protean eGov,864.95,36.89,3512.45,1.16,23.85,13.09,210.84,7.28,625,11.72,6%,11%,663,S
165,Interarch Build.,2044.2,29.57,3428.5,0.61,28.38,39.94,380.77,25.49,410,24.81,1%,-1%,414,N
166,Sundaram Clayton,1512.1,NA,3333.6,0.31,-57.76,-3.42,511.64,-11.85,710,-2.39,7%,13%,760,S
167,Epack Durable,343.4,56.45,3304.49,0,23.86,1.32,662.39,-14.38,340,9.91,-3%,-6%,330,F
168,Sambhv Steel,111.66,49.38,3290.3,0,33.4,34.89,558.63,68.88,185,13.92,60%,60%,296,S
169,DDev Plastiks,311.1,16.49,3291.16,0,52.15,22.85,769.22,22.99,235,23.92,0.50%,-1%,236,N
170,Anand Rathi Shar,511,32.26,3205.26,0,28.59,-13.68,227.08,1.29,450,21.26,1%,-1%,455,N
171,Flair Writing,301.45,27.98,3177.14,0.33,27.13,5.69,242.22,9.21,320,15.96,-2%,-5%,314,F
172,Apeejay Surrend.,147.78,31.75,3153.24,0.34,13.42,828.93,154.25,14.2,685,14.19,1%,-1%,692,N
173,Brigade Hotel,81.33,128.99,3089.26,0,10,69.53,125.72,16.42,605,14.13,5%,9%,635,S
174,Arkade,166.14,19.54,3084.62,0.6,45.81,5.58,263.65,30.75,790,30.3,8%,14%,853,S
175,EMS,533.4,16.04,2962.01,0.28,38.06,2.05,238.89,15.81,575,26.91,-3%,-7%,558,F
176,Alpex Solar,1200.7,23.54,2938.52,0,42.29,3889.62,380.32,395.66,445,50.48,5%,8%,467,S
177,Euro Pratik Sale,287.05,38.12,2933.65,0,9.3,1.55,64.53,33.22,290,49.53,1%,-2%,293,N
178,Sai Silks,187.38,25.35,2873.77,0.53,30.05,1337.8,379.02,41.8,425,12.37,-2%,-4%,417,F
179,Carraro India,504.15,32.82,2866.17,0.9,28.51,4.17,489.18,4.07,620,21.84,6%,10%,657,S
180,Prabha Energy,80.02,NA,2858.59,0,-0.2,1.33,20.21,-0.16,305,8.83,0.50%,-1%,307,N
181,Muthoot Microfin,162.68,NA,2772.54,0,6.18,-94.54,558.62,-15.8,505,NA,7%,12%,540,S
182,Rajesh Power,1524.75,31.72,2745.68,0.07,59.61,759.01,NA,NA,380,54.71,1%,-1%,384,N
183,Venus Pipes,1317.2,30.29,2728.73,0,24.76,-10.16,245.14,15.1,495,24.95,-2%,-5%,485,F
184,KP Green Engg.,543.2,36.69,2716,0.07,46.01,93.51,432.28,76.35,565,30.04,4%,7%,588,S
185,M & B Engineer.,472.7,30.75,2701.4,0,17.95,158.65,237.65,69.48,625,26.06,1%,-1%,631,N
186,EPACK PrefabTech,268.57,36.26,2697.84,0,29.47,104.23,433.94,61.89,405,23.71,-3%,-6%,393,F
187,Solarworld Ene.,310.4,30.85,2690.32,0,12.91,387.17,68.24,202.35,520,40.56,5%,9%,546,S
188,Vikran Engg.,98.94,32.74,2551.77,0,5.65,31.7,159.16,27.15,97,17.15,2.06,NA,99,S
189,DCX Systems,228.83,63.74,2548.86,0,4.06,38.1,222.16,60.89,207,5.1,38.65,NA,287,N
190,Landmark Cars,614.4,138.18,2545.15,0.08,7.37,103.16,1061.72,27.61,506,7.99,-6.92,NA,471,N
191,Stallion India,320.7,56.73,2543.96,0,11.42,1243.53,105.56,56.25,90,19.67,33.33,NA,120,N
192,Roadstar Infra,55,429.99,2505.12,16.18,-121.58,-806.61,303.18,66.5,55,4.83,0,NA,55,N
193,Fusion Finance,182.32,NA,2483.59,0,-92.25,-158.98,434.43,-36.89,NA,-2.96,NA,NA,NA,F
194,Rossell Techsys,649.05,160.44,2446.69,0.03,3.3,182.5,87.22,94.25,NA,8.18,NA,NA,NA,S
195,Bazaar Style,327.8,142.95,2445.96,0,2.07,8.91,377.83,37.04,389,8.94,0,-15.81,389,F
196,Digotide Solutio,163.69,25.68,2438.15,0,9.69,-74.88,735.74,5.71,NA,8.94,NA,NA,NA,F
197,Veranda Learning,254.94,NA,2437.7,0,5.96,NA,NA,NA,137,10,-8.76,67.17,125,F
198,Shipping Land,52.29,NA,2435.66,1.05,14.34,97.57,139.27,17.04,NA,-12.96,NA,NA,NA,F
199,Yatra Online,154.28,49.88,2420.9,0,16,19.6,5.71,64.08,142,8.34,-10.07,Negative Returns,127.5,S
200,Anantam Highways,105.92,5.61,2303.76,0,0,296.04,209.81,108.12,100,18.96,0,NA,100,N
201,Anzen IYEP Trust,116.5,NA,2285.66,2.48,9.55,554.76,110.46,76.37,NA,1.88,NA,NA,NA,F
202,Aeroflex,172.33,47.15,2228.58,0.17,7.17,-42.22,84.33,-6.64,108,22.34,NA,NA,NA,S
203,Bajel Projects,190.35,166.03,2201.56,0,3.32,-39.86,607.64,18.68,NA,12.86,NA,NA,NA,S
204,Rashi Peripheral,331.45,10.29,2184.24,0.6,61.7,54.63,11.07,-26.13,311,14.19,NA,NA,NA,S
205,Sula Vineyards,254.05,37.3,2144.91,1.42,17.4,-86.07,3152.14,-13.14,357,16.46,0.28,Negative Returns,358,S
206,Ideaforge Tech,495.25,NA,2141.94,0,-23.56,-2113.68,12.78,-85.17,672,-9.35,92.75,-29.75,"1,295.50",S
207,Uniparts India,465.95,21.55,2103.01,3.06,34.46,38.45,273.65,4.77,577,12.35,NA,Negative Returns,NA,S
208,Afcom Holdings,844.65,28.66,2098.07,0,27.07,4266.13,1189.08,198.27,108,36.05,90,NA,205.2,S
209,Capital Infra,75.99,NA,2092.76,4.74,-73.72,NA,188.7,NA,NA,NA,NA,NA,NA,S
210,One Mobikwik,265.7,NA,2089.96,0,-39.83,-250.31,269.78,-20.8,279,-13.13,5.38,NA,294,S
211,TCC Concept,582.05,45.05,2076.32,0,9.42,73.48,22.11,87.21,NA,11.83,NA,NA,NA,S
212,Shringar House,213.73,28.4,2061.53,0,28.51,67.71,332.61,51.47,165,25.32,14.24,NA,188.5,S
213,Garuda Cons,217.92,29.31,2027.57,0.01,28.01,223.82,125.16,256.28,95,30.09,8.63,106.76,103.2,S
214,Kesar India,810.1,107.46,2001.98,0,2.87,-33.72,56.82,76.62,NA,40.17,NA,NA,NA,NA
215,Orient Tech.,466.9,37.98,1944.25,0.39,10.03,8.08,212.56,42.8,206,26.52,39.81,NA,288,S
216,Exicom Tele-Sys.,139.41,NA,1938.91,0,-83.14,-489.97,205.32,-18.55,142,-5.94,NA,NA,NA,S
217,Divgi Torq,630.75,70.51,1929.02,0.41,8.93,49.83,71.68,32.18,590,5.69,5.08,NA,620,S
218,All Time Plastic,289.6,39.56,1897.11,0,12.82,5.17,157.98,21.47,275,19.23,13.2,NA,311.3,S
219,DEE Development,264.55,34.09,1828.79,0,13.14,313.79,223.76,20.97,NA,9.39,NA,NA,NA,S
220,TAC Infosec,855.3,91.65,1792.64,0,15.57,78.87,29.49,137.82,106,43.99,NA,NA,NA,S
221,Sanstar,97.01,65.58,1767.95,0,-0.33,-102,168.85,-44.21,NA,11.06,NA,-19.13,NA,F
222,Dam Capital Advi,249.12,21.5,1760.93,0.4,0.23,-98.96,30.85,-30.58,NA,6.44,NA,NA,NA,F
223,Rh+B224:B480etan TMT Ltd,22.02,358.11,1754.72,0,0.76,-6.17,50.54,-73.95,70,4.47,NA,NA,NA,S
224,J.G.Chemicals,443.2,26.88,1736.73,0.23,16.36,3.75,218.01,7.64,NA,20,NA,NA,NA,S
225,Amic Forging,1490.15,84.01,1730.64,0,12.83,90.92,57.65,-22.75,126,27.89,NA,NA,NA,S
226,Laxmi Dental,310.15,73.73,1704.65,0,8.33,-27.83,65.6,9.94,428,19.2,26.64,NA,542,N
227,Concord Control,1666.3,74.45,1686.34,0,13.99,111.47,74.71,113.03,55,36.78,109.82,"1,376.04",115.4,S
228,Motisons Jewel,17.09,37.5,1682.44,0,8.03,26.86,87.05,-1.87,55,14.51,98.18,NA,109,S
229,JNK,299.6,67.62,1676.38,1.17,37.61,-82.06,98.89,12.49,NA,14.96,NA,NA,NA,F
230,Danish Power,840.55,28.38,1655.18,0,37.61,154.56,261.58,96.84,NA,40.34,NA,NA,NA,F
231,Stanley Lifesty.,289.45,49.8,1653.5,0,7.8,107.89,108.7,7.94,369,10.12,NA,NA,NA,S
232,Suraksha Diagno.,310.3,48.56,1616.07,0,9.18,18.39,72.59,19.53,NA,17.84,NA,NA,NA,F
233,IKIO Tech,208.75,78.12,1623.33,0,2.38,-82.89,120.14,-5.43,NA,8.22,6.71,NA,149.4,S
234,Khazanchi Jewell,643.6,31.32,1592.71,0.16,15.15,64.67,403.75,5.95,140,24.07,NA,NA,NA,N
235,BLS E-Services,172.33,28.33,1565.73,0.58,17.52,22.44,243.99,223.81,135,15.83,NA,NA,NA,S
236,Virtuoso Optoel.,512,110.04,1554.84,0,6.58,NA,NA,NA,56,12.64,NA,NA,NA,N
237,HMA Agro Inds.,310,18,1552.39,0.97,9.06,-39.1,1122.61,57.53,585,11.81,NA,NA,NA,S
238,Updater Services,231.01,12.67,1546.69,0,28.99,12.74,700.24,7.37,NA,15.32,NA,NA,NA,S
239,ESAF Small Fin,30,NA,1546.65,0,-81.22,-229.39,828.23,-18.99,60,4.28,NA,NA,NA,S
240,Vinyas Innovativ,1209.65,78.39,1522.31,0,12.41,27.94,247.14,37.34,NA,16.28,NA,NA,NA,S
241,Yash Highvoltage,528,51.91,1507.51,0.19,14.02,119.41,100.14,75.53,146,35.55,NA,NA,NA,S
242,Platinum Industr,269.75,32.92,1481.6,0,13.08,-27.4,115.38,12.39,NA,18.55,NA,NA,NA,S
243,Aimtron,725.1,57.51,1480.21,0,14.56,121.61,100.62,101.6,161,29.24,57.11,NA,253.05,S
244,Jaro Institute,666.3,30.39,1476.27,0,17.02,-15.37,80.41,8.24,890,39.89,-17.76,NA,732.5,S
245,Rishabh Instrum.,382.7,38.13,1472.22,0,19.63,441.21,190.33,5.43,441,12.99,0.91,NA,445,N
246,Unicommerce,131.42,81.08,1463.52,0,3.89,10.54,44.93,63.56,NA,31.37,NA,NA,NA,S
247,Shanti Gold,199.62,20.13,1439.18,0,24.64,174.08,292.78,22.08,199,26.19,14.35,NA,227.55,S
248,Quadrant Future,358.8,NA,1435.2,0,-13.5,-45.79,28.73,12.62,NA,-7.01,NA,NA,NA,N
249,Hariom Pipe,461.05,21.05,1427.75,0.13,23.61,34.84,460.96,34.32,153,14.11,39.87,NA,214,S
250,Ivalue Infosolut,260.1,16.68,1392.57,0,10.17,4.85,214.57,12.94,299,25.77,-4.68,NA,285,S
251,D+B252:B271iffusion Eng,370.9,34.02,1388.14,0.4,12.26,68.37,80.67,13.49,NA,14.73,NA,NA,NA,S
252,Arisinfra Solu.,168.06,902.05,1362.1,0,5.12,-20.52,212.08,11.39,222,12.26,12.61,NA,250,S
253,CFF Fluid,647.9,56.98,1358.91,0.15,9.8,40.2,65.53,38.22,165,22.13,NA,NA,NA,S
254,Godavari Bioref.,265.3,35,1357.7,0,-16.02,38.64,533.24,2.05,352,10.59,7.39,NA,378,S
255,Gandhar Oil Ref.,137,17.78,1340.95,0.36,26.09,-14.92,902.96,7.94,169,10.59,0.59,NA,170,S
256,Mangal Electrica,477.8,28.96,1320.17,0,3.73,-31.56,89.66,-21.57,561,30.43,NA,NA,NA,S
257,IRM Energy,320.8,32.59,1317.19,0.47,13.92,-25.56,262.5,16.49,505,8.26,NA,NA,NA,S
258,STL Networks,26.96,NA,1315.44,0,-22.42,-2364.65,189.95,-46.46,NA,4.86,NA,NA,NA,S
259,Western Carriers,128.49,22.97,1310.02,0,10.79,-42.91,415.82,-1.63,172,13.16,NA,NA,NA,S
260,Suraj Estate,273.9,14.32,1308.51,0,21.28,-29.37,132.47,-0.9,360,17.27,11.67,NA,402,S
261,Ecos (India),217.06,22.53,1302.36,1.11,13.26,0.08,177.64,23.31,335,34.46,NA,NA,NA,S
262,Signpost India,241.25,34.1,1289.48,0.21,15.28,36.31,137.65,37.01,NA,15.41,NA,NA,NA,S
263,Capital Small,284.15,9.63,1286.81,1.41,32.01,6.63,247.08,13.09,468,7.04,NA,NA,NA,S
264,Indef Manufactur,387.35,36.06,1239.52,0.52,5.86,2.27,38.13,-0.03,NA,17.66,NA,NA,NA,S
265,Sathlokhar Sys.,513.4,28.97,1239.24,0,26.32,18.29,257.49,28.38,NA,53.42,NA,NA,NA,S
266,SRM Contractors,538.35,21.03,1235.2,0,13.06,179.06,143.09,163.91,NA,31.05,NA,NA,NA,S
267,GPT Healthcare,148.62,25.6,1219.5,1.68,7.68,-22.89,107.11,9.5,NA,27.23,NA,NA,NA,S
268,Krishna Defence,810.2,55.17,1208.74,0.12,11.32,58.1,100.82,41.6,39,24.31,10.26,NA,43,S
269,Borosil Scienti.,135.35,50.14,1203.9,0,-4.21,-55.3,95.98,-7.89,NA,10.31,NA,NA,NA,S
270,Bluspring Enter.,80.05,NA,1192.34,0,-7.15,NA,797.23,NA,100,4.32,NA,NA,NA,S
271,Gem Aromatics,227.88,22.58,1190.38,0,7.98,-7.1,87.63,-5.44,325,19.43,2.49,NA,333.1,S
272,Kross Ltd,183.46,23.17,1183.49,0,10.7,39.69,139.36,-4.8,NA,17.12,NA,NA,NA,S
273,Le Merite Export,481.35,201.62,1172.57,0,3.7,1638.89,217.86,-4.71,75,8.84,NA,NA,NA,S
274,Indo Farm Equip.,241.66,43.79,1161.21,0,5.43,121.63,96.26,28.42,215,7.74,11.63,11.63%,240,S
275,Vishnu Prakash R,93.16,22.84,1161.18,0,7.01,-52.51,276.41,7.74,99,11.41,NA,NA,NA,S
276,C2C Advanced,694.8,40.09,1156.23,0,19.11,NA,71.89,26.17,NA,26.17,NA,NA,NA,S
277,Ganesh Consumer,283.85,36.38,1147.12,0,9.53,-29.04,202.96,7.13,322,18.97,-8.07,-10.43%,296.05,S
278,Viviana Power,1735.3,50.05,1098.1,0,3.27,626.67,31.68,409.32,55,42.88,NA,NA,NA,S
279,Mamata Machinery,444.05,25.3,1092.71,0.11,2.65,1104.55,38.66,39.97,NA,34.92,NA,NA,NA,S
280,Denta Water,405.2,18.56,1081.88,0.62,18.55,41.06,67.28,35.95,294,25.17,16.99,16.99%,344,S
281,Vilas Transcore,440.15,31.81,1077.49,0,19.84,69.83,190.62,26.66,147,21.91,NA,NA,NA,S
282,Cosmic CRF,1168.5,43.82,1073.58,0,12.32,120.27,152.13,86,314,70.83,-19.9,271.82%,251.2,S
283,Australian Prem,522.45,22.32,1049.58,0,14.45,120.27,152.13,86,54,70.83,NA,NA,NA,S
284,Prostram Info,175.58,33.87,1033.72,0,1.56,NA,50.98,29.95,105,29.95,19.05,69.33%,125,S
285,Popular Vehicles,144.69,NA,1030.17,0,-8.76,-260.73,1310.9,1.51,NA,4.85,NA,NA,NA,S
286,OSEL Devices,578.55,51.06,1023.72,0,12.04,55.76,99.12,21.55,160,31.14,NA,NA,NA,S
287,Elin Electronics,205.73,31.16,1021.64,0,9.39,58.61,295.48,0.65,247,6.97,-1.21,-1.21%,244,S
288,Abans Financial,201.34,9.3,1019.77,0,32.69,34.73,1893.81,539.56,NA,9.71,NA,NA,NA,S
289,Concord Enviro,484.9,15.61,1003.56,0,4.12,299.22,102.39,-0.33,701,15.04,17.83,17.83%,826,S
290,Vasa Denticity,601.1,60.37,999.13,0,2.87,-16.08,60.02,12.1,128,23.17,NA,NA,NA,S
291,Ganesh Green,402.2,33.01,997.5,0,17.17,30.72,180.18,61.68,NA,25.22,NA,30.72%,NA,S
292,FlySBS Aviation,574,34.95,993.24,0,0,NA,NA,34.65,225,34.65,95.56,NA,440,S
293,Dharmaj Crop,293.6,18.9,992.29,0,32.59,116.26,367.38,43.91,NA,12,NA,NA,NA,S
294,Ganesh Infra.,231,22.11,986.86,0,14.61,45.52,180.66,33.47,NA,37.9,NA,NA,NA,S
295,Monolithisch Ind,446.7,55.23,970.95,0,8.82,57.22,57.28,39.71,112,61.16,NA,31.25%,NA,S
296,Regal Resources,94.48,20.41,970.53,0,9.07,-1.2,246.57,26.52,529,16.15,12.95,12.95%,598,S
297,Gala Precis. Eng,760.65,35.54,969.85,0,6.53,3.94,63.08,18.64,NA,17.07,NA,NA,NA,S
298,Basilic Fly Stud,376,23.55,949.96,0,33.28,62.84,228.07,346.67,100,31.33,NA,47.57%,NA,S
299,Advance Agrolife,147.57,37,948.66,0,0,NA,NA,28,135,28,NA,NA,NA,S
300,Sahana Systems,1052.55,26.22,930.15,0.1,25.05,159.09,114.81,155.82,135,42.14,NA,NA,NA,S
301,Scoda Tubes,154.74,27.24,927.03,0,7.08,47.81,97.42,6.06,100,20.35,NA,NA,NA,S
302,Owais Metal,507.4,18.53,922.57,0,22.3,190.55,108.28,117.21,NA,59.47,NA,NA,NA,S
303,Fabtech Tech.,207.32,27.99,921.55,0,0,NA,NA,30.89,NA,30.89,NA,NA,NA,S
304,Manoj Vaibhav,188.3,9.27,919.8,0,20.59,-5.42,548.94,1.83,NA,15.79,NA,NA,NA,S
305,Emkay Tools,860,20.63,917.73,0.29,0,NA,NA,17.95,NA,17.95,NA,NA,NA,S
306,RNFI Services,366.75,50.54,915.14,0,11.33,103.95,458.67,12.31,100,29.45,NA,NA,NA,S
307,Airfloa Rail,379.85,35.71,910.5,0,0,NA,NA,31.89,NA,31.89,NA,NA,NA,S
308,Shree Refrigerat,253.55,65.65,903.41,0,0,NA,NA,17.83,NA,17.83,NA,NA,NA,S
309,Karnika Industri,178.95,53.05,887.56,0.01,7.68,37.39,75.41,19.83,76,22.82,NA,NA,NA,S
310,PNGS Gargi FJ,847.6,37.51,887.46,0,5.31,-49.24,27.31,-38.56,30,57.93,NA,NA,NA,S
311,Veefin Solutions,369,67.23,884.62,0,12.13,53.58,59.51,273.81,NA,6.81,NA,NA,NA,S
312,BEML Land Assets,212,0,882.86,0,-2.74,-29.25,0,-100,NA,NA,NA,NA,NA,S
313,Forbes Precision,168.8,31.42,870.91,2.96,3.81,-21.12,52.41,1.24,NA,24.96,NA,NA,NA,S
314,Safe Enterprises,186.6,22.19,869.64,0,0,NA,NA,96.45,61,96.45,NA,NA,NA,S
315,M.V.K. Agro,557.05,91.5,862.87,0,5.65,28.41,93.43,14.91,120,9.9,NA,NA,NA,S
316,Allcargo Termi,34.16,26.76,861.04,0,9.11,-1.01,187.25,-1.26,NA,11.59,NA,NA,NA,S
317,Unified Data,427.85,29.14,859.55,0,12.1,0,114.41,47.86,120,47.86,NA,NA,NA,S
318,Nisus Finance,354.95,21.15,847.55,0,16.86,94.46,28.4,109.13,NA,39.74,NA,NA,NA,S
319,Anondita Medi.,466.85,53.44,844.37,0,0,NA,NA,37.92,120,37.92,NA,NA,NA,S
320,Bright Outdoor,380.05,43.47,829.39,0.13,9.93,-16.13,69.53,6.25,NA,15.71,NA,NA,NA,S
321,Krystal Integrat,593.55,13.84,829.31,0.25,15.01,-1.9,284.72,17.05,NA,16.82,NA,NA,NA,S
322,Sar Televenture,174.2,17.57,820.61,0,15.67,112.04,123.75,138.99,52,19.9,NA,NA,NA,S
323,Ratnaveer Precis,154.24,16.61,818.23,0,14.95,19.5,264.62,29.58,98,14.3,NA,NA,NA,S
324,Chandan Healthca,334.15,36.85,817.07,0,12.23,36.29,119.66,30.31,30,28.55,NA,NA,NA,S
325,Z-Tech (India),569.6,40.53,816.25,0,9.08,236.3,34.99,58.04,NA,32.06,NA,NA,NA,S
326,Remus Pharma.,683.4,27.82,805.32,0.15,20.57,15.89,347.75,88.07,NA,19.64,NA,NA,NA,S
327,Trident Techlabs,465.9,70.07,805.12,0.21,8.04,-35.47,55.5,-13.61,35,26.67,NA,NA,NA,S
328,Kody Technolab,623.4,45.1,794.68,0,0,NA,NA,NA,140,30.89,NA,NA,NA,S
329,Laxmi India Fin.,150.97,20,789.09,0,9.78,47.51,69.68,37.06,65,13.71,NA,NA,NA,S
330,GHCL Textiles,79.07,13.1,755.8,0.63,13.52,14.58,267.75,-7.01,NA,4.53,NA,NA,NA,S
331,OBSC Perfection,307.8,44.99,752.64,0,9.49,51.11,75.15,27.09,112,23.59,NA,NA,NA,S
332,Mukka Proteins,25.02,17.28,750.6,0,1.59,-64.07,170.77,-1,NA,11.59,NA,NA,NA,S
333,Macfos,792.1,39.32,749.01,0,5.04,4.31,99.94,4.31,NA,41.78,NA,NA,NA,S
334,Credo Brands,114.06,10.78,745.61,2.63,13.83,95.62,153.21,15.13,NA,19.07,NA,NA,NA,S
335,Patel Retail,222.61,28.54,743.53,0,6.92,13.07,182.45,2.86,NA,17.33,NA,NA,NA,S
336,Deepak Builders,156.17,12.64,727.45,0.64,14.99,5.49,106.6,1.42,NA,25.28,NA,NA,NA,S
337,TransIndia Real,29.23,22.71,718.17,1.71,7.45,116.28,20.96,12.21,NA,2.46,NA,NA,NA,S
338,Mangalam World.,238.74,20.08,709.07,0.08,10.53,52.39,317.11,33.39,NA,14.45,NA,NA,NA,S
339,Tolins Tyres,177.59,17.96,701.64,0,9.3,4.38,89.74,17.61,NA,21.3,NA,NA,NA,S
340,Tejas Cargo,293.5,36.68,701.25,0,10.39,NA,248.59,15.59,NA,15.59,NA,NA,NA,S
341,Glottis,74.53,12.29,688.68,0,0,NA,NA,89.96,NA,89.96,NA,NA,NA,S
342,Manba Finance,137.05,16.25,688.53,0.55,9.75,88.22,67,36.71,NA,13.07,NA,NA,NA,S
343,Dreamfolks Servi,128.82,9.87,686.22,0,21.27,23.79,348.95,8.77,NA,33.7,NA,NA,NA,S
344,Solarium Green,326,36.46,679.7,0,11.06,NA,148.08,20.09,NA,20.09,NA,NA,NA,S
345,Indogulf Cropsci,107.18,20,677.63,0,3.87,656.86,189.37,43.32,NA,14.78,NA,NA,NA,S
346,Sahasra Electro.,270.15,245.52,675.18,0,-4.29,31.65,77.57,13.46,46,9.91,NA,NA,NA,S
347,R K Swamy,132.98,34.7,671.43,1.13,2.87,31.65,77.57,13.46,NA,9.91,NA,NA,NA,S
348,Anlon Healthcare,124.48,32.24,661.63,0,4.54,NA,31.83,24.83,100,24.83,NA,NA,NA,S
349,Divine Power,265,72.15,661.57,0,4.65,10.19,197.65,65.47,NA,14.57,NA,NA,NA,S
350,Accent Microcell,271.55,18.79,651.42,0.37,18.07,9.71,139.37,10.58,NA,23.66,NA,NA,NA,S
351,OCCL,126.95,18.33,634.12,1.18,13.14,32950,123.09,14.9,NA,14.9,NA,NA,NA,S
352,MOS Utility,24.6,56.76,633.3,0,7.75,32.29,308.25,199.13,72,19.2,NA,NA,NA,S
353,Monika Alcobev,292.5,28.36,627.41,0,0,NA,NA,21,286,21,0.7,NA,288,S
354,Polysil Irrigati,272.5,NA,613.26,0,-3.24,-472.41,5.15,-84.89,NA,1.24,NA,NA,NA,S
355,Cellecor Gadgets,27.55,19.68,607.97,0,16.28,79.49,600.23,106.41,92,24.21,NA,NA,NA,S
356,Baheti Recycling,585.95,33.85,607.54,0,10.99,158.59,267.12,19.99,NA,21.82,NA,NA,NA,S
357,Exhicon Events,459.9,23.29,605.44,0.03,19.65,197.79,80.88,96.45,NA,34.59,NA,NA,NA,S
358,Borana Weaves,226.93,14.08,602.4,0,12,21.8,30.18,41.21,216,41.21,NA,NA,NA,S
359,Modi's Navnirman,305,72.87,597.53,0,6.77,532.71,44.99,119.68,NA,12.88,NA,NA,NA,S
360,Pyramid Technopl,160.09,21.79,588.89,0.31,7.91,4.49,163.81,22.59,NA,14.03,NA,NA,NA,S
361,GP Eco Solutions,492,56.79,582.08,0,5.32,NA,160.88,26.46,94,26.46,299,NA,375,S
362,Sudarshan Pharma,24.06,29.32,579.03,0,3.87,-38.07,168.87,31.33,NA,15.51,NA,NA,NA,S
363,CLN Energy,548,45.79,578.32,0,8.72,NA,144.35,31.3,NA,31.3,NA,NA,NA,S
364,RBZ Jewellers Lt,143.76,15.6,575.04,0,7.12,-21.59,75.58,-8.33,100,20.39,4.99,48.5,104.99,S
365,Radiant Cash,53.74,13.34,573.45,4.65,5.76,-32.35,100.09,0.18,94,26.23,NA,NA,NA,S
366,Essen Speciality,230.55,56.2,572.66,0.43,1.78,-33.58,41.16,19.13,107,11.5,NA,NA,NA,S
367,Vision Infra,230.95,18.31,569.12,0.22,19.53,239.65,249.44,259.11,163,19.57,NA,NA,NA,S
368,Career Point Edu,310.35,27.57,564.62,0,7.04,49.47,14.32,9.23,310,49.01,NA,NA,NA,S
369,Tracxn Technolo.,52.49,NA,564.02,0,1.12,-11.81,21.2,3.21,80,7.9,NA,NA,NA,S
370,Highway Infra,78.11,23.91,560.21,0,7.2,127.85,113.6,38.07,70,19.59,64.29,11.3,115,S
371,Vinsys IT Serv.,381,18.62,559.23,0,19.1,28.21,119.57,31.02,128,28.71,NA,NA,NA,S
372,Shri Ahimsa,239.7,25.27,559.22,0,12.25,NA,55.09,24.38,NA,24.38,NA,NA,NA,S
373,Kronox Lab,150.51,21.81,558.45,0,6.28,2.11,24.29,-3.57,136,43.82,NA,NA,NA,S
374,S J Logistics (I,356.3,9.72,544.89,0,14.26,32.9,125.76,24.87,125,36.55,NA,NA,NA,S
375,Zelio E-Mobility,257.1,33.96,543.77,0,0,51.78,NA,NA,136,51.78,13.82,NA,154.9,S
376,Grand Continent,217.5,50.94,542,0,4.43,167.27,40.78,160.58,NA,19.48,NA,NA,NA,S
377,Annapurna Swadi.,246.2,23.1,537.21,0,15.41,23.68,249.5,22.45,70,12.84,NA,NA,NA,S
378,Supreme Power,212,26.96,529.81,0,4.45,30.88,38.23,50.22,NA,27,NA,NA,NA,S
379,Dhampur Bio,79.38,NA,526.98,1.57,-22,-18433.33,525.52,12.53,NA,3.97,NA,-22,NA,S
380,BMW Ventures,60.75,16.06,526.79,0,0,NA,NA,13.64,99,13.64,9.09,-6.75,108,S
381,Sunita Tools Ltd,844.95,108.37,526.66,0,1.68,-48.31,14.29,-18.53,145,16.7,NA,-48.31,NA,S
382,Aprameya Enginee,275,32.48,523.6,0,17.84,NA,126.43,31.12,58,31.12,0,NA,58,S
383,Qualitek Labs,446.5,82.69,520.26,0,0,NA,NA,20.06,NA,20.06,NA,NA,NA,S
384,Creative Graphic,212.5,24.85,516.08,0,11.62,226.4,138.03,65.27,85,25.73,NA,NA,NA,S
385,Sunrise Efficie.,328.85,57.05,515.14,0,5,5.71,74.24,21.51,121,21.94,NA,NA,NA,S
386,All E Tech,251.95,17.15,508.79,0.6,6.32,2.43,34.07,2.84,NA,29.6,NA,NA,NA,S
387,Megatherm Indu.,267.25,23.63,503.52,0,12,-8.61,172.56,8.27,108,21.13,83,81.65,197.58,S
388,Banganga Paper,41.93,197.74,502.27,0,0.65,NA,21.16,26.95,NA,26.95,NA,NA,NA,S
389,Bizotic Commer.,621,46.1,499.28,0,8.38,520.74,73.78,39.58,NA,11.36,NA,NA,NA,S
390,Hi-Green Carbon,197.9,49.26,494.55,0,5.82,14.34,60.69,64.78,NA,11.88,NA,NA,NA,S
391,Sahaj Solar,223.35,19.02,490.75,0.22,21.39,101.22,212.32,71.29,NA,31.6,NA,NA,NA,S
392,Purple United,509.9,46.8,490,0,7.18,NA,72.63,26.21,NA,26.21,NA,NA,NA,S
393,Amanta Healthcar,125.1,33.64,485.76,0,3.51,1075,65.31,-4.1,NA,14.8,NA,NA,NA,S
394,Atmastco Ltd,196.35,24.47,485.67,0,5.49,-46.75,150.66,1.91,NA,21.93,NA,NA,NA,S
395,Adcounty Media.,215.1,33.02,484,0,4.1,28.53,17.05,5.12,NA,62.93,NA,NA,NA,S
396,Utssav CZ Gold,203.2,18.96,483.98,0,15.19,144.61,361.79,96.43,NA,21.8,NA,NA,NA,S
397,Effwa Infra,208.95,24.05,483.66,0,15.35,22.31,124.26,10.8,NA,38.62,NA,NA,NA,S
398,Sacheerome,215,30.12,481.02,0,0,NA,NA,38.36,NA,38.36,NA,NA,NA,S
399,Vraj Iron,145.8,13.31,480.89,0,7.59,-51.16,138.31,20.69,NA,18.36,NA,NA,NA,S
400,Goel Construct.,328.35,12.32,474.45,0,0,NA,NA,38.7,NA,38.7,NA,NA,NA,S
401,Valiant Laborato,86.86,3628.92,471.76,0,1.82,456.86,46.82,147.99,NA,-0.95,NA,NA,NA,S
402,Techera Enginee.,285.5,148.32,471.67,0,4.33,-13.92,31.93,30.7,NA,12.97,NA,NA,NA,S
403,ProphshareTitania,1053000,52.38,469.85,0,3.72,NA,10.81,11.48,NA,11.48,NA,NA,NA,S
404,ABS Marine,190,17.24,466.45,0,19.16,167.88,99.8,14.2,NA,14.2,NA,NA,NA,S
405,Jinkushal Indus.,120.71,21.99,463.36,0,4.45,167.88,72.82,4.19,NA,23.38,NA,NA,NA,S
406,Namo eWaste,201.8,54.42,461.47,0,3.06,-26.79,69.36,42.42,NA,18.43,NA,NA,NA,S
407,Neetu Yoshi,118.3,27.98,459.15,0,8.5,NA,35.38,46.01,NA,46.01,NA,NA,NA,S
408,Systematic Inds.,205,24.8,457.79,0,0,NA,NA,20.6,NA,20.6,NA,NA,NA,S
409,Petro Carbon,185,50.89,456.95,0,1.19,-96.29,119.52,-36.94,NA,4.98,NA,NA,NA,S
410,TechD Cybersec.,610.15,54.33,456.38,0,0,NA,NA,81.46,NA,81.46,NA,NA,NA,S
411,Fabtech Techn.,369.6,34.44,455.32,0.54,8.02,55.58,88.1,52.82,NA,21.16,NA,NA,NA,S
412,Interiors & More,649,37.93,454,0.15,7.81,44.1,40.95,53.72,NA,21.67,NA,NA,NA,S
413,True Colors,183.25,18.3,451.8,0,0,NA,NA,43.84,NA,43.84,NA,NA,NA,S
414,Aeiea Commoditi.,213.45,71.39,434.77,0,8.7,55.91,173.69,97.96,NA,7.56,NA,NA,NA,S
415,Sealmatic India,480.1,27.27,434.49,0.23,9.46,190.18,57.04,67.76,220 - 225,21.99,NA,NA,NA,S
416,Globe Civil,72.4,17.94,432.37,0,5.05,NA,67.35,23.28,71,23.28,26.76% (NSE premium),NA,90 (NSE),S
417,Robust Hotels,249.7,22.57,431.77,0,4.03,196.32,33.24,11.73,NA,5.12,NA,NA,NA,S
418,Global Surfaces,101.77,NA,431.32,0,-0.57,64.75,74.5,30.36,133 - 140,-1.97,NA,NA,NA,S
419,Suba Hotels,176.85,28.3,428.73,0,0,-24.07,46.75,11.55,111,16.39,38.92% premium,NA,154.2,S
420,Nova Agritech,46.05,16.14,426.05,0,3.25,-19.24,90.17,18.54,41,14.23,36.5% premium,NA,55 (NSE),S
421,Shree Karni,580,27.75,419.27,0,10.59,19.42,73.04,-2.65,220 - 227,26.47,14% premium,NA,260,S
422,Chembond Chemic.,155.75,13.56,418.91,0.48,7.2,NA,NA,26.24,NA,26.24,NA,5.38% (3 years),195 (NSE),S
423,AVP Infracon,166.05,12.53,414.78,0,20.34,84.57,176.56,100.98,NA,22.64,NA,NA,NA,S
424,RBM Infracon,409.6,14.04,413.82,0,12.87,215.44,153.24,167.48,NA,32.8,NA,NA,NA,S
425,Dev Accele.,45.03,51.8,406.11,0,0.14,102.18,55.63,123.32,NA,11.9,NA,NA,NA,S
426,Kalyani Cast-Tec,561.25,28.91,403.01,0,6.23,67.02,69.03,52.52,NA,29.55,NA,NA,NA,S
427,Vishnusurya Pro.,162.4,13.64,399.66,0.62,7.46,53.81,131.5,40.54,NA,23.96,NA,NA,NA,S
428,Indiabulls Enter,20.14,NA,399.45,0,-5.73,-72.11,13.16,-11.56,NA,-43.17,NA,NA,NA,S
429,Jay Bee Laminati,176.8,15.69,399,0,10.97,13.33,214.28,44.15,NA,32.13,NA,NA,NA,S
430,Freshara Agro,168.9,13.92,396.9,0,17.41,NA,146.98,NA,NA,24.76,NA,NA,NA,S
431,Infolion Resea.,408.6,29.07,396.22,0,7.18,20.88,51.09,45.18,NA,31.16,NA,NA,NA,S
432,VVIP Infratech,158.25,10.95,395.15,0,22.67,110.42,199.75,23.01,NA,33.34,NA,NA,NA,S
433,Influx Health.,170.25,29.48,394.14,0,0,NA,NA,60.16,NA,60.16,NA,NA,NA,S
434,Infinium Pharma,252.05,39.08,392.77,0,3.01,-26.52,72.73,-1.95,NA,14.58,NA,NA,NA,S
435,Patil Automation,179.95,35.19,392.67,0,0,NA,NA,24.47,NA,24.47,NA,NA,NA,S
436,RNIT AI Solution,52.25,53.68,390.79,0,0.82,9.33,6.25,36.17,NA,15.77,NA,NA,NA,S
437,Virtual Galaxy,156.5,12.12,389.19,0,12.98,44.99,48.53,44.99,NA,44.99,NA,NA,NA,S
438,Proventus Agro.,1125,69.37,387.75,0,2.53,-47.62,288.14,-1.8,NA,6.76,NA,NA,NA,S
439,Connplex Cinemas,202.7,20.92,387.16,0,9.61,0,40.69,NA,NA,163.38,NA,NA,NA,S
440,Shiv Texchem,166.4,8.01,385.59,0,27.49,47.56,1170.99,26.96,NA,14.46,NA,NA,NA,S
441,Phantom Digital,238.35,18.77,379.52,0,11.83,-13.78,63.67,31.93,NA,17.61,NA,NA,NA,S
442,DSM Fresh,170.17,41.91,379.26,0,0,NA,NA,24.53,NA,24.53,NA,NA,NA,S
443,SKP Bearing,228,127.43,378.48,0.49,0.38,0,22.12,11.96,NA,11.96,NA,NA,NA,S
444,Neptune Pet.,166.95,15.07,378.2,0,0,NA,NA,62.28,NA,62.28,NA,NA,NA,S
445,Logica Infoway,210.95,35.72,375.44,0,7.27,32.18,596.69,7.12,NA,14.3,NA,NA,NA,S
446,Wise Travel,157.25,16.32,374.44,0,13.04,9.76,304.95,38.17,NA,16.19,NA,NA,NA,S
447,Pelatro,352,27.94,373.03,0.28,3.56,55.46,26.69,45.61,NA,22.43,NA,NA,NA,S
448,E Factor Experie,285,19.25,373.01,0.42,19.92,36.16,153.41,20.5,NA,37.96,NA,NA,NA,S
449,Prizor Viztech,348,36.66,372.05,0,5.87,27.33,63.06,34.97,NA,45.27,NA,NA,NA,S
450,Shree TirupatiBa,45.17,15.34,368.46,0,6.36,-20.92,125.41,-12.62,NA,13.21,NA,NA,NA,S
451,Monarch Surve.,258.95,10.52,366.57,0,0,1.4,80.85,-16.5,NA,46.4,NA,NA,NA,S
452,Chaman Metallics,151,37.45,364.43,0,3.61,NA,NA,4.37,NA,4.37,NA,NA,NA,S
453,B-Right Real,350.85,163.29,362.47,0,4.34,-9.98,62.8,184.03,NA,5.08,NA,NA,NA,S
454,Parth Electrical,264.5,35.79,361.52,0,0,NA,NA,33.26,NA,33.26,NA,NA,NA,S
455,ITCONS E-Soluti.,601.6,110.5,361.35,0.02,1.96,71.93,38.45,144.59,NA,17.22,NA,NA,NA,S
456,Mason Infratech,201.65,20.75,354.35,0,12.38,25.94,75.06,8.78,NA,33.71,NA,NA,NA,S
457,ANB Metal,299,34.52,353.86,0,0,NA,NA,29.6,NA,29.6,NA,NA,NA,S
458,HP Telecom,296,28.03,352.68,0,7.34,34.68,1002.66,57.85,108,16.4,6.5% premium,NA,115.05,S
459,Spunweb Nonwoven,146,32.61,351.91,0,0,11.61,31.92,49.65,90 - 96,14.4,43.75% (Grey Market Premium),NA,NA,S
460,Akme Fintrade,8.18,10.2,349.08,0,9.61,NA,NA,13.98,114 - 120,13.98,13% Grey Market Premium,NA,NA,S
461,VMS TMT,70.19,23.62,348.36,0,0,NA,NA,18.12,99,18.12,5.96% premium,NA,104.9,S
462,Trident Lifeline,300,21.72,347.77,0,2.78,33.62,23.61,79.54,101,18.12,NA,NA,108.15,S
463,Nikita Papers,139,14.89,342.88,0,12.9,32.31,198.46,10.85,104,16.56,13.5% discount,NA,90,S
464,ProphsharePlatina,1020000,39.86,342.82,4.4,4.16,-82.48,7.71,-9.91,"10,00,000 - 10,50,000",0.2,NA,NA,NA,S
465,National Perox.,595.4,NA,342.18,0,0.89,NA,66.66,0,NA,0,NA,NA,NA,S
466,Saraswati Saree,86.36,11.09,341.98,2.63,6.35,4.1,144.77,11.05,NA,28.58,NA,NA,NA,S
467,Subam Papers,146.75,12.77,341.12,0,9.22,NA,269.29,13.09,NA,13.09,NA,NA,NA,S
468,Pune e,217.6,20.69,340.56,0,5.63,-15.99,22.82,-42.61,NA,15.22,NA,NA,NA,S
469,Systango Tech,230.4,16,337.97,0,14.03,59.79,38.36,29.38,NA,28.74,NA,NA,NA,S
470,Frog Cellsat,217.1,13.43,337.68,0,2.78,-57.73,48.48,9.04,NA,21.56,NA,NA,NA,S
471,Jeyyam Global,70.8,15.23,336.28,0,12.54,89.71,386.97,2.86,NA,17.75,NA,NA,NA,S
472,JD Cables,148.7,15.14,335.34,0,0,NA,NA,65.58,NA,65.58,NA,NA,NA,S
473,Yash Optics,132.5,35.36,328.14,0,5.04,6.55,23.71,5.71,NA,17.24,NA,NA,NA,S
474,Goyal Salt,183,42.88,327.57,0,3.92,-44.32,61.71,-13.02,NA,16.92,NA,NA,NA,S
475,Balaji Phos.,136.8,41.07,325.27,0,3.58,306.82,64.08,15.75,NA,16.2,NA,NA,NA,S
476,Pushpa Jewellers,132.4,14.39,320.71,0,7.48,NA,66.46,50.45,NA,50.45,NA,NA,NA,S
477,B.R.Goyal Infra.,132.95,12.71,316.75,0,18.99,6.99,296.85,-15.82,NA,17.91,NA,NA,NA,S
478,Shera Energy,128.95,16.32,315.15,0,7.04,37.28,386.74,30.84,NA,17.22,NA,NA,NA,S
479,Om Freight Forwa,93.36,14.3,314.39,0,0,NA,NA,22.37,NA,22.37,NA,NA,NA,S
480,Munish Forge,130.25,21.91,313.52,0,0,NA,NA,25.63,NA,25.63,NA,NA,NA,S
481,Pratham EPC,171.5,23.22,312.34,0,5.23,9.64,56.93,63.73,NA,25.63,NA,NA,NA,S
482,Beezaasan Exp.,239.45,27.26,309.4,0,4.62,79.77,117.78,16.36,NA,21.11,NA,NA,NA,S
483,Maxvolt Energy,281.4,30.32,307.33,0,5.34,33.88,67.19,144.24,NA,31.92,NA,NA,NA,S
484,Baroda Rayon,133.15,9.37,305.06,0,7.1,98.88,22.36,113.16,NA,5.04,NA,NA,NA,S
485,Emmforce Auto.,147.4,37.54,302.16,0,4.68,14.43,52.49,31,NA,16.02,NA,NA,NA,S
486,Esconet,228.9,43.84,302.06,0,4.69,108.44,120.5,82.02,NA,17.85,NA,NA,NA,S
487,Earkart,219.45,43.87,301.83,0,0,NA,NA,45.13,NA,45.13,NA,NA,NA,S
488,Ducol Organics,185,65.09,300.7,0,0.73,-77.26,38.77,2.48,NA,8.47,NA,NA,NA,S
489,Envirotech Sys.,160,27.06,300.64,0,11.22,22.62,31.31,13.69,NA,31.63,NA,NA,NA,S
490,Thaai,129.05,24.67,298.49,0,6.12,-30.9,68.75,43.23,NA,16.31,NA,NA,NA,S
491,Eleganz Interior,132.05,14.39,298.43,0,11.17,NA,200.61,26.02,NA,26.02,NA,NA,NA,S
492,Hemant Surgical,284.3,37.1,296.81,0,4.95,-15.82,57.66,-0.76,NA,16.35,NA,NA,NA,S
493,Asarfi Hospital,150.65,27.76,296.44,0,3.2,NA,35.66,15.83,NA,15.83,NA,NA,NA,S
494,Arihant Academy,486.4,66.18,294.52,0.21,1.96,NA,17.25,NA,NA,NA,NA,NA,NA,S
495,RDB Real Estate,170,NA,292.89,0,0.57,-87.22,19.85,3.39,NA,4.21,NA,NA,NA,S
496,Revathi Equip,955,23.01,292.82,0,0,-92.82,22.26,-57.22,NA,25.71,NA,NA,NA,S
497,GSM Foils,207.75,24.22,292.78,0,3.83,173.57,52,147.62,NA,45.64,NA,NA,NA,S
498,Kaka Industries,213.3,22.62,291.38,0,6.35,-2.31,102.33,23.83,NA,19.48,NA,NA,NA,S
499,Akiko,269.85,39.33,290.62,0,5.65,NA,57.35,NA,NA,NA,NA,NA,NA,S
500,Krishca Strapp.,204.75,24.77,290.54,0,6.3,-16.67,85.62,51.46,NA,20.37,NA,NA,NA,S
